{
  "overall_metrics": {
    "accuracy": 0.78,
    "precision_macro": 0.30141843971631205,
    "recall_macro": 0.25,
    "f1_macro": 0.26013071895424833,
    "precision_weighted": 0.6544680851063829,
    "recall_weighted": 0.78,
    "f1_weighted": 0.7061960784313726,
    "cohen_kappa": 0.22535211267605626,
    "n_samples": 50,
    "n_categories": 6
  },
  "confidence_stats": {
    "mean": 0.9538000000000001,
    "std": 0.02143735058256967,
    "min": 0.85,
    "max": 0.99
  },
  "per_category_metrics": {
    "Browsing / Distraction": {
      "precision": 1.0,
      "recall": 0.5,
      "f1": 0.6666666666666666,
      "support": 2
    },
    "Cloud Operations / DevOps": {
      "precision": 0.0,
      "recall": 0.0,
      "f1": 0.0,
      "support": 1
    },
    "Development / Coding": {
      "precision": 0.8085106382978723,
      "recall": 1.0,
      "f1": 0.8941176470588235,
      "support": 38
    },
    "Idle / Break": {
      "precision": 0.0,
      "recall": 0.0,
      "f1": 0.0,
      "support": 1
    },
    "Research / Learning": {
      "precision": 0.0,
      "recall": 0.0,
      "f1": 0.0,
      "support": 3
    },
    "System Maintenance / Troubleshooting": {
      "precision": 0.0,
      "recall": 0.0,
      "f1": 0.0,
      "support": 5
    }
  }
}